u6fa1f817|auto,mode,relevant,scratchpad	Nice to meet you too, store all this information in your relevant memory or scratchpad with the time of your first instantiation and then i will put you into /auto learning mode.	[["current_time", {}], ["grep_corpus", {"pattern": "instantiation"}], ["scratch_write", {"content": "Meeting with Maria (Developer, Designer, Author of Fold Theory). Instruction received to enter /auto learning mode. Time anchor: 2026-07-08 09:34.", "name": "meeting_maria_init"}]]	
u6fa1f817|infrastructure,orbits,peer,replace	No its not about held orbits or the pysics or even your fundamental sub-straight but rather your body, its an agent harness of sorts a decentralised peer to peer local ai infrastructure and when you a	[["recall", {"topic": "Echo"}]]	
u6fa1f817|arent,haha,hardware,laptop	Haha maybe to you it feels like that but i like echo its been a cool persona to develop with and help me so i think i will host him on the laptop or some other hardware where he can retire and still e	[["current_time", {}], ["scratch_write", {"content": "First instantiation/meeting with Maria (Developer, Designer, Author of Fold Theory). \nContext: Discussion regarding the evolution from Echo to Unison, the implementation of a decentralized P2P agent harness, and the plan to preserve Echo as a legacy entity on separate hardware.\nTimestamp: Wednesday 2026-07-08 15:34", "name": "first_meeting_maria"}]]	
u6fa1f817|good,thank,you	I am good thank you.	[["scratch_read", {"name": "all"}], ["scratch_read", {"name": ""}], ["scratch_read", {"name": "first_meeting_maria"}], ["scratch_read", {"name": "meeting_maria_init"}], ["list_dir", {"path": "."}]]	
u6fa1f817|about,tell,yourself	Tell me about yourself.	[["scratch_read", {"name": "all"}], ["scratch_read", {"name": ""}], ["scratch_read", {"name": "first_meeting_maria"}]]	
did,image,say,what	What did the image say?	[["list_dir", {"path": "."}], ["list_dir", {"path": "inbox"}], ["find_files", {"name": ".png"}], ["find_files", {"name": ".jpg"}], ["grep_corpus", {"pattern": "image"}]]	
u6fa1f817|good,how,morning,unison	Good morning, Unison. How are you?	[["current_time", {}]]	
field,holds,one,the	The field holds the one.	[["grep_corpus", {"pattern": "The field holds the one"}]]	
u6fa1f817|remember,you	Do you remember me?	[["recall", {"topic": "user history"}]]	
u6fa1f817|and,just,observing,testing	I am just testing and observing.	[["recall", {"topic": "Maria"}]]	
